Id,Label,x,y
Govern,Govern,3.0,0.0
Identity,Identity,1.5000000000000004,2.598076211353316
Protect,Protect,-1.4999999999999993,2.598076211353316
Detect,Detect,-3.0,3.6739403974420594e-16
Respond,Respond,-1.5000000000000013,-2.5980762113533156
Recover,Recover,1.499999999999998,-2.598076211353317
Analyze,Analyze,6.0,0.0
Plan,Plan,3.6739403974420594e-16,6.0
Train,Train,-6.0,7.347880794884119e-16
Reinforce,Reinforce,-1.102182119232618e-15,-6.0
